Contact_ID,Name,Account_ID,Email
1,Contacto 1,23,contacto1@construfurgo.com
2,Contacto 2,6,contacto2@construfurgo.com
3,Contacto 3,25,contacto3@construfurgo.com
4,Contacto 4,1,contacto4@construfurgo.com
5,Contacto 5,4,contacto5@construfurgo.com
6,Contacto 6,8,contacto6@construfurgo.com
7,Contacto 7,19,contacto7@construfurgo.com
8,Contacto 8,19,contacto8@construfurgo.com
9,Contacto 9,5,contacto9@construfurgo.com
10,Contacto 10,18,contacto10@construfurgo.com
11,Contacto 11,24,contacto11@construfurgo.com
12,Contacto 12,25,contacto12@construfurgo.com
13,Contacto 13,7,contacto13@construfurgo.com
14,Contacto 14,9,contacto14@construfurgo.com
15,Contacto 15,5,contacto15@construfurgo.com
16,Contacto 16,4,contacto16@construfurgo.com
17,Contacto 17,1,contacto17@construfurgo.com
18,Contacto 18,14,contacto18@construfurgo.com
19,Contacto 19,16,contacto19@construfurgo.com
20,Contacto 20,21,contacto20@construfurgo.com
21,Contacto 21,6,contacto21@construfurgo.com
22,Contacto 22,16,contacto22@construfurgo.com
23,Contacto 23,22,contacto23@construfurgo.com
24,Contacto 24,24,contacto24@construfurgo.com
25,Contacto 25,1,contacto25@construfurgo.com
26,Contacto 26,13,contacto26@construfurgo.com
27,Contacto 27,10,contacto27@construfurgo.com
28,Contacto 28,25,contacto28@construfurgo.com
29,Contacto 29,25,contacto29@construfurgo.com
30,Contacto 30,5,contacto30@construfurgo.com
31,Contacto 31,9,contacto31@construfurgo.com
32,Contacto 32,4,contacto32@construfurgo.com
33,Contacto 33,4,contacto33@construfurgo.com
34,Contacto 34,19,contacto34@construfurgo.com
35,Contacto 35,16,contacto35@construfurgo.com
36,Contacto 36,2,contacto36@construfurgo.com
37,Contacto 37,4,contacto37@construfurgo.com
38,Contacto 38,7,contacto38@construfurgo.com
39,Contacto 39,1,contacto39@construfurgo.com
40,Contacto 40,14,contacto40@construfurgo.com
41,Contacto 41,15,contacto41@construfurgo.com
42,Contacto 42,18,contacto42@construfurgo.com
43,Contacto 43,23,contacto43@construfurgo.com
44,Contacto 44,11,contacto44@construfurgo.com
45,Contacto 45,24,contacto45@construfurgo.com
46,Contacto 46,10,contacto46@construfurgo.com
47,Contacto 47,13,contacto47@construfurgo.com
48,Contacto 48,24,contacto48@construfurgo.com
49,Contacto 49,21,contacto49@construfurgo.com
50,Contacto 50,8,contacto50@construfurgo.com
51,Contacto 51,6,contacto51@construfurgo.com
52,Contacto 52,12,contacto52@construfurgo.com
53,Contacto 53,20,contacto53@construfurgo.com
54,Contacto 54,20,contacto54@construfurgo.com
55,Contacto 55,5,contacto55@construfurgo.com
56,Contacto 56,22,contacto56@construfurgo.com
57,Contacto 57,18,contacto57@construfurgo.com
58,Contacto 58,14,contacto58@construfurgo.com
59,Contacto 59,8,contacto59@construfurgo.com
60,Contacto 60,15,contacto60@construfurgo.com
61,Contacto 61,15,contacto61@construfurgo.com
62,Contacto 62,6,contacto62@construfurgo.com
63,Contacto 63,21,contacto63@construfurgo.com
64,Contacto 64,18,contacto64@construfurgo.com
65,Contacto 65,6,contacto65@construfurgo.com
66,Contacto 66,6,contacto66@construfurgo.com
67,Contacto 67,10,contacto67@construfurgo.com
68,Contacto 68,18,contacto68@construfurgo.com
69,Contacto 69,25,contacto69@construfurgo.com
70,Contacto 70,2,contacto70@construfurgo.com
71,Contacto 71,3,contacto71@construfurgo.com
72,Contacto 72,24,contacto72@construfurgo.com
73,Contacto 73,12,contacto73@construfurgo.com
74,Contacto 74,19,contacto74@construfurgo.com
75,Contacto 75,11,contacto75@construfurgo.com
76,Contacto 76,24,contacto76@construfurgo.com
77,Contacto 77,6,contacto77@construfurgo.com
78,Contacto 78,3,contacto78@construfurgo.com
79,Contacto 79,1,contacto79@construfurgo.com
80,Contacto 80,12,contacto80@construfurgo.com
81,Contacto 81,1,contacto81@construfurgo.com
82,Contacto 82,16,contacto82@construfurgo.com
83,Contacto 83,4,contacto83@construfurgo.com
84,Contacto 84,13,contacto84@construfurgo.com
85,Contacto 85,3,contacto85@construfurgo.com
86,Contacto 86,13,contacto86@construfurgo.com
87,Contacto 87,17,contacto87@construfurgo.com
88,Contacto 88,9,contacto88@construfurgo.com
89,Contacto 89,14,contacto89@construfurgo.com
90,Contacto 90,17,contacto90@construfurgo.com
91,Contacto 91,12,contacto91@construfurgo.com
92,Contacto 92,22,contacto92@construfurgo.com
93,Contacto 93,14,contacto93@construfurgo.com
94,Contacto 94,19,contacto94@construfurgo.com
95,Contacto 95,23,contacto95@construfurgo.com
96,Contacto 96,2,contacto96@construfurgo.com
97,Contacto 97,9,contacto97@construfurgo.com
98,Contacto 98,9,contacto98@construfurgo.com
99,Contacto 99,15,contacto99@construfurgo.com
100,Contacto 100,19,contacto100@construfurgo.com
101,Contacto 101,15,contacto101@construfurgo.com
102,Contacto 102,21,contacto102@construfurgo.com
103,Contacto 103,20,contacto103@construfurgo.com
104,Contacto 104,11,contacto104@construfurgo.com
105,Contacto 105,14,contacto105@construfurgo.com
106,Contacto 106,19,contacto106@construfurgo.com
107,Contacto 107,6,contacto107@construfurgo.com
108,Contacto 108,24,contacto108@construfurgo.com
109,Contacto 109,2,contacto109@construfurgo.com
110,Contacto 110,16,contacto110@construfurgo.com
111,Contacto 111,2,contacto111@construfurgo.com
112,Contacto 112,21,contacto112@construfurgo.com
113,Contacto 113,5,contacto113@construfurgo.com
114,Contacto 114,18,contacto114@construfurgo.com
115,Contacto 115,4,contacto115@construfurgo.com
116,Contacto 116,9,contacto116@construfurgo.com
117,Contacto 117,13,contacto117@construfurgo.com
118,Contacto 118,25,contacto118@construfurgo.com
119,Contacto 119,14,contacto119@construfurgo.com
120,Contacto 120,7,contacto120@construfurgo.com
121,Contacto 121,14,contacto121@construfurgo.com
122,Contacto 122,15,contacto122@construfurgo.com
123,Contacto 123,2,contacto123@construfurgo.com
124,Contacto 124,2,contacto124@construfurgo.com
125,Contacto 125,17,contacto125@construfurgo.com
126,Contacto 126,2,contacto126@construfurgo.com
127,Contacto 127,16,contacto127@construfurgo.com
128,Contacto 128,6,contacto128@construfurgo.com
129,Contacto 129,8,contacto129@construfurgo.com
130,Contacto 130,23,contacto130@construfurgo.com
131,Contacto 131,22,contacto131@construfurgo.com
132,Contacto 132,14,contacto132@construfurgo.com
133,Contacto 133,7,contacto133@construfurgo.com
134,Contacto 134,21,contacto134@construfurgo.com
135,Contacto 135,8,contacto135@construfurgo.com
136,Contacto 136,20,contacto136@construfurgo.com
137,Contacto 137,25,contacto137@construfurgo.com
138,Contacto 138,2,contacto138@construfurgo.com
139,Contacto 139,22,contacto139@construfurgo.com
140,Contacto 140,21,contacto140@construfurgo.com
141,Contacto 141,17,contacto141@construfurgo.com
142,Contacto 142,20,contacto142@construfurgo.com
143,Contacto 143,20,contacto143@construfurgo.com
144,Contacto 144,1,contacto144@construfurgo.com
145,Contacto 145,8,contacto145@construfurgo.com
146,Contacto 146,11,contacto146@construfurgo.com
147,Contacto 147,20,contacto147@construfurgo.com
148,Contacto 148,9,contacto148@construfurgo.com
149,Contacto 149,23,contacto149@construfurgo.com
150,Contacto 150,9,contacto150@construfurgo.com
151,Contacto 151,8,contacto151@construfurgo.com
152,Contacto 152,24,contacto152@construfurgo.com
153,Contacto 153,1,contacto153@construfurgo.com
154,Contacto 154,11,contacto154@construfurgo.com
155,Contacto 155,19,contacto155@construfurgo.com
156,Contacto 156,16,contacto156@construfurgo.com
157,Contacto 157,6,contacto157@construfurgo.com
158,Contacto 158,23,contacto158@construfurgo.com
159,Contacto 159,8,contacto159@construfurgo.com
160,Contacto 160,14,contacto160@construfurgo.com
161,Contacto 161,10,contacto161@construfurgo.com
162,Contacto 162,24,contacto162@construfurgo.com
163,Contacto 163,16,contacto163@construfurgo.com
164,Contacto 164,20,contacto164@construfurgo.com
165,Contacto 165,22,contacto165@construfurgo.com
166,Contacto 166,23,contacto166@construfurgo.com
167,Contacto 167,25,contacto167@construfurgo.com
168,Contacto 168,8,contacto168@construfurgo.com
169,Contacto 169,22,contacto169@construfurgo.com
170,Contacto 170,22,contacto170@construfurgo.com
171,Contacto 171,18,contacto171@construfurgo.com
172,Contacto 172,11,contacto172@construfurgo.com
173,Contacto 173,7,contacto173@construfurgo.com
174,Contacto 174,4,contacto174@construfurgo.com
175,Contacto 175,14,contacto175@construfurgo.com
176,Contacto 176,13,contacto176@construfurgo.com
177,Contacto 177,4,contacto177@construfurgo.com
178,Contacto 178,7,contacto178@construfurgo.com
179,Contacto 179,20,contacto179@construfurgo.com
180,Contacto 180,11,contacto180@construfurgo.com
181,Contacto 181,9,contacto181@construfurgo.com
182,Contacto 182,8,contacto182@construfurgo.com
183,Contacto 183,3,contacto183@construfurgo.com
184,Contacto 184,5,contacto184@construfurgo.com
185,Contacto 185,2,contacto185@construfurgo.com
186,Contacto 186,17,contacto186@construfurgo.com
187,Contacto 187,23,contacto187@construfurgo.com
188,Contacto 188,20,contacto188@construfurgo.com
189,Contacto 189,7,contacto189@construfurgo.com
190,Contacto 190,4,contacto190@construfurgo.com
191,Contacto 191,15,contacto191@construfurgo.com
192,Contacto 192,5,contacto192@construfurgo.com
193,Contacto 193,25,contacto193@construfurgo.com
194,Contacto 194,25,contacto194@construfurgo.com
195,Contacto 195,25,contacto195@construfurgo.com
196,Contacto 196,14,contacto196@construfurgo.com
197,Contacto 197,4,contacto197@construfurgo.com
198,Contacto 198,11,contacto198@construfurgo.com
199,Contacto 199,2,contacto199@construfurgo.com
200,Contacto 200,21,contacto200@construfurgo.com
201,Contacto 201,22,contacto201@construfurgo.com
202,Contacto 202,7,contacto202@construfurgo.com
203,Contacto 203,5,contacto203@construfurgo.com
204,Contacto 204,21,contacto204@construfurgo.com
205,Contacto 205,22,contacto205@construfurgo.com
206,Contacto 206,18,contacto206@construfurgo.com
207,Contacto 207,20,contacto207@construfurgo.com
208,Contacto 208,18,contacto208@construfurgo.com
209,Contacto 209,6,contacto209@construfurgo.com
210,Contacto 210,13,contacto210@construfurgo.com
211,Contacto 211,18,contacto211@construfurgo.com
212,Contacto 212,24,contacto212@construfurgo.com
213,Contacto 213,6,contacto213@construfurgo.com
214,Contacto 214,15,contacto214@construfurgo.com
215,Contacto 215,20,contacto215@construfurgo.com
216,Contacto 216,24,contacto216@construfurgo.com
217,Contacto 217,16,contacto217@construfurgo.com
218,Contacto 218,2,contacto218@construfurgo.com
219,Contacto 219,15,contacto219@construfurgo.com
220,Contacto 220,20,contacto220@construfurgo.com
221,Contacto 221,4,contacto221@construfurgo.com
222,Contacto 222,15,contacto222@construfurgo.com
223,Contacto 223,12,contacto223@construfurgo.com
224,Contacto 224,24,contacto224@construfurgo.com
225,Contacto 225,25,contacto225@construfurgo.com
226,Contacto 226,4,contacto226@construfurgo.com
227,Contacto 227,21,contacto227@construfurgo.com
228,Contacto 228,9,contacto228@construfurgo.com
229,Contacto 229,3,contacto229@construfurgo.com
230,Contacto 230,4,contacto230@construfurgo.com
231,Contacto 231,11,contacto231@construfurgo.com
232,Contacto 232,22,contacto232@construfurgo.com
233,Contacto 233,2,contacto233@construfurgo.com
234,Contacto 234,18,contacto234@construfurgo.com
235,Contacto 235,17,contacto235@construfurgo.com
236,Contacto 236,4,contacto236@construfurgo.com
237,Contacto 237,17,contacto237@construfurgo.com
238,Contacto 238,16,contacto238@construfurgo.com
239,Contacto 239,11,contacto239@construfurgo.com
240,Contacto 240,3,contacto240@construfurgo.com
241,Contacto 241,21,contacto241@construfurgo.com
242,Contacto 242,9,contacto242@construfurgo.com
243,Contacto 243,3,contacto243@construfurgo.com
244,Contacto 244,1,contacto244@construfurgo.com
245,Contacto 245,16,contacto245@construfurgo.com
246,Contacto 246,8,contacto246@construfurgo.com
247,Contacto 247,10,contacto247@construfurgo.com
248,Contacto 248,3,contacto248@construfurgo.com
249,Contacto 249,22,contacto249@construfurgo.com
250,Contacto 250,17,contacto250@construfurgo.com
251,Contacto 251,13,contacto251@construfurgo.com
252,Contacto 252,2,contacto252@construfurgo.com
253,Contacto 253,20,contacto253@construfurgo.com
254,Contacto 254,18,contacto254@construfurgo.com
255,Contacto 255,11,contacto255@construfurgo.com
256,Contacto 256,11,contacto256@construfurgo.com
257,Contacto 257,22,contacto257@construfurgo.com
258,Contacto 258,10,contacto258@construfurgo.com
259,Contacto 259,17,contacto259@construfurgo.com
260,Contacto 260,13,contacto260@construfurgo.com
261,Contacto 261,8,contacto261@construfurgo.com
262,Contacto 262,15,contacto262@construfurgo.com
263,Contacto 263,22,contacto263@construfurgo.com
264,Contacto 264,4,contacto264@construfurgo.com
265,Contacto 265,10,contacto265@construfurgo.com
266,Contacto 266,1,contacto266@construfurgo.com
267,Contacto 267,22,contacto267@construfurgo.com
268,Contacto 268,15,contacto268@construfurgo.com
269,Contacto 269,16,contacto269@construfurgo.com
270,Contacto 270,18,contacto270@construfurgo.com
271,Contacto 271,19,contacto271@construfurgo.com
272,Contacto 272,12,contacto272@construfurgo.com
273,Contacto 273,15,contacto273@construfurgo.com
274,Contacto 274,7,contacto274@construfurgo.com
275,Contacto 275,24,contacto275@construfurgo.com
276,Contacto 276,23,contacto276@construfurgo.com
277,Contacto 277,9,contacto277@construfurgo.com
278,Contacto 278,17,contacto278@construfurgo.com
279,Contacto 279,12,contacto279@construfurgo.com
280,Contacto 280,2,contacto280@construfurgo.com
281,Contacto 281,8,contacto281@construfurgo.com
282,Contacto 282,9,contacto282@construfurgo.com
283,Contacto 283,22,contacto283@construfurgo.com
284,Contacto 284,24,contacto284@construfurgo.com
285,Contacto 285,20,contacto285@construfurgo.com
286,Contacto 286,6,contacto286@construfurgo.com
287,Contacto 287,9,contacto287@construfurgo.com
288,Contacto 288,13,contacto288@construfurgo.com
289,Contacto 289,6,contacto289@construfurgo.com
290,Contacto 290,2,contacto290@construfurgo.com
291,Contacto 291,11,contacto291@construfurgo.com
292,Contacto 292,18,contacto292@construfurgo.com
293,Contacto 293,12,contacto293@construfurgo.com
294,Contacto 294,4,contacto294@construfurgo.com
295,Contacto 295,14,contacto295@construfurgo.com
296,Contacto 296,14,contacto296@construfurgo.com
297,Contacto 297,21,contacto297@construfurgo.com
298,Contacto 298,3,contacto298@construfurgo.com
299,Contacto 299,12,contacto299@construfurgo.com
300,Contacto 300,10,contacto300@construfurgo.com
301,Contacto 301,6,contacto301@construfurgo.com
302,Contacto 302,23,contacto302@construfurgo.com
303,Contacto 303,1,contacto303@construfurgo.com
304,Contacto 304,3,contacto304@construfurgo.com
305,Contacto 305,8,contacto305@construfurgo.com
306,Contacto 306,23,contacto306@construfurgo.com
307,Contacto 307,10,contacto307@construfurgo.com
308,Contacto 308,22,contacto308@construfurgo.com
309,Contacto 309,16,contacto309@construfurgo.com
310,Contacto 310,9,contacto310@construfurgo.com
311,Contacto 311,24,contacto311@construfurgo.com
312,Contacto 312,12,contacto312@construfurgo.com
313,Contacto 313,13,contacto313@construfurgo.com
314,Contacto 314,17,contacto314@construfurgo.com
315,Contacto 315,2,contacto315@construfurgo.com
316,Contacto 316,7,contacto316@construfurgo.com
317,Contacto 317,16,contacto317@construfurgo.com
318,Contacto 318,24,contacto318@construfurgo.com
319,Contacto 319,6,contacto319@construfurgo.com
320,Contacto 320,5,contacto320@construfurgo.com
321,Contacto 321,19,contacto321@construfurgo.com
322,Contacto 322,22,contacto322@construfurgo.com
323,Contacto 323,2,contacto323@construfurgo.com
324,Contacto 324,4,contacto324@construfurgo.com
325,Contacto 325,3,contacto325@construfurgo.com
326,Contacto 326,21,contacto326@construfurgo.com
327,Contacto 327,11,contacto327@construfurgo.com
328,Contacto 328,8,contacto328@construfurgo.com
329,Contacto 329,2,contacto329@construfurgo.com
330,Contacto 330,4,contacto330@construfurgo.com
331,Contacto 331,19,contacto331@construfurgo.com
332,Contacto 332,1,contacto332@construfurgo.com
333,Contacto 333,15,contacto333@construfurgo.com
334,Contacto 334,5,contacto334@construfurgo.com
335,Contacto 335,23,contacto335@construfurgo.com
336,Contacto 336,18,contacto336@construfurgo.com
337,Contacto 337,17,contacto337@construfurgo.com
338,Contacto 338,16,contacto338@construfurgo.com
339,Contacto 339,24,contacto339@construfurgo.com
340,Contacto 340,6,contacto340@construfurgo.com
341,Contacto 341,15,contacto341@construfurgo.com
342,Contacto 342,17,contacto342@construfurgo.com
343,Contacto 343,10,contacto343@construfurgo.com
344,Contacto 344,9,contacto344@construfurgo.com
345,Contacto 345,10,contacto345@construfurgo.com
346,Contacto 346,2,contacto346@construfurgo.com
347,Contacto 347,17,contacto347@construfurgo.com
348,Contacto 348,8,contacto348@construfurgo.com
349,Contacto 349,5,contacto349@construfurgo.com
350,Contacto 350,10,contacto350@construfurgo.com
351,Contacto 351,1,contacto351@construfurgo.com
352,Contacto 352,8,contacto352@construfurgo.com
353,Contacto 353,9,contacto353@construfurgo.com
354,Contacto 354,16,contacto354@construfurgo.com
355,Contacto 355,5,contacto355@construfurgo.com
356,Contacto 356,9,contacto356@construfurgo.com
357,Contacto 357,25,contacto357@construfurgo.com
358,Contacto 358,1,contacto358@construfurgo.com
359,Contacto 359,15,contacto359@construfurgo.com
360,Contacto 360,7,contacto360@construfurgo.com
361,Contacto 361,20,contacto361@construfurgo.com
362,Contacto 362,1,contacto362@construfurgo.com
363,Contacto 363,9,contacto363@construfurgo.com
364,Contacto 364,19,contacto364@construfurgo.com
365,Contacto 365,6,contacto365@construfurgo.com
366,Contacto 366,7,contacto366@construfurgo.com
367,Contacto 367,2,contacto367@construfurgo.com
368,Contacto 368,11,contacto368@construfurgo.com
369,Contacto 369,16,contacto369@construfurgo.com
370,Contacto 370,20,contacto370@construfurgo.com
371,Contacto 371,18,contacto371@construfurgo.com
372,Contacto 372,22,contacto372@construfurgo.com
373,Contacto 373,5,contacto373@construfurgo.com
374,Contacto 374,9,contacto374@construfurgo.com
375,Contacto 375,2,contacto375@construfurgo.com
376,Contacto 376,20,contacto376@construfurgo.com
377,Contacto 377,19,contacto377@construfurgo.com
378,Contacto 378,16,contacto378@construfurgo.com
379,Contacto 379,14,contacto379@construfurgo.com
380,Contacto 380,8,contacto380@construfurgo.com
381,Contacto 381,17,contacto381@construfurgo.com
382,Contacto 382,14,contacto382@construfurgo.com
383,Contacto 383,8,contacto383@construfurgo.com
384,Contacto 384,20,contacto384@construfurgo.com
385,Contacto 385,16,contacto385@construfurgo.com
386,Contacto 386,12,contacto386@construfurgo.com
387,Contacto 387,7,contacto387@construfurgo.com
388,Contacto 388,5,contacto388@construfurgo.com
389,Contacto 389,23,contacto389@construfurgo.com
390,Contacto 390,17,contacto390@construfurgo.com
391,Contacto 391,24,contacto391@construfurgo.com
392,Contacto 392,1,contacto392@construfurgo.com
393,Contacto 393,14,contacto393@construfurgo.com
394,Contacto 394,20,contacto394@construfurgo.com
395,Contacto 395,4,contacto395@construfurgo.com
396,Contacto 396,4,contacto396@construfurgo.com
397,Contacto 397,24,contacto397@construfurgo.com
398,Contacto 398,18,contacto398@construfurgo.com
399,Contacto 399,10,contacto399@construfurgo.com
400,Contacto 400,4,contacto400@construfurgo.com
401,Contacto 401,12,contacto401@construfurgo.com
402,Contacto 402,13,contacto402@construfurgo.com
403,Contacto 403,9,contacto403@construfurgo.com
404,Contacto 404,9,contacto404@construfurgo.com
405,Contacto 405,23,contacto405@construfurgo.com
406,Contacto 406,4,contacto406@construfurgo.com
407,Contacto 407,23,contacto407@construfurgo.com
408,Contacto 408,7,contacto408@construfurgo.com
409,Contacto 409,16,contacto409@construfurgo.com
410,Contacto 410,16,contacto410@construfurgo.com
411,Contacto 411,10,contacto411@construfurgo.com
412,Contacto 412,8,contacto412@construfurgo.com
413,Contacto 413,22,contacto413@construfurgo.com
414,Contacto 414,16,contacto414@construfurgo.com
415,Contacto 415,23,contacto415@construfurgo.com
416,Contacto 416,22,contacto416@construfurgo.com
417,Contacto 417,19,contacto417@construfurgo.com
418,Contacto 418,25,contacto418@construfurgo.com
419,Contacto 419,11,contacto419@construfurgo.com
420,Contacto 420,10,contacto420@construfurgo.com
421,Contacto 421,7,contacto421@construfurgo.com
422,Contacto 422,23,contacto422@construfurgo.com
423,Contacto 423,4,contacto423@construfurgo.com
424,Contacto 424,19,contacto424@construfurgo.com
425,Contacto 425,16,contacto425@construfurgo.com
426,Contacto 426,17,contacto426@construfurgo.com
427,Contacto 427,13,contacto427@construfurgo.com
428,Contacto 428,3,contacto428@construfurgo.com
429,Contacto 429,3,contacto429@construfurgo.com
430,Contacto 430,13,contacto430@construfurgo.com
431,Contacto 431,12,contacto431@construfurgo.com
432,Contacto 432,13,contacto432@construfurgo.com
433,Contacto 433,4,contacto433@construfurgo.com
434,Contacto 434,8,contacto434@construfurgo.com
435,Contacto 435,21,contacto435@construfurgo.com
436,Contacto 436,8,contacto436@construfurgo.com
437,Contacto 437,10,contacto437@construfurgo.com
438,Contacto 438,3,contacto438@construfurgo.com
439,Contacto 439,5,contacto439@construfurgo.com
440,Contacto 440,23,contacto440@construfurgo.com
441,Contacto 441,17,contacto441@construfurgo.com
442,Contacto 442,2,contacto442@construfurgo.com
443,Contacto 443,6,contacto443@construfurgo.com
444,Contacto 444,8,contacto444@construfurgo.com
445,Contacto 445,25,contacto445@construfurgo.com
446,Contacto 446,23,contacto446@construfurgo.com
447,Contacto 447,21,contacto447@construfurgo.com
448,Contacto 448,9,contacto448@construfurgo.com
449,Contacto 449,4,contacto449@construfurgo.com
450,Contacto 450,25,contacto450@construfurgo.com
451,Contacto 451,25,contacto451@construfurgo.com
452,Contacto 452,8,contacto452@construfurgo.com
453,Contacto 453,20,contacto453@construfurgo.com
454,Contacto 454,15,contacto454@construfurgo.com
455,Contacto 455,20,contacto455@construfurgo.com
456,Contacto 456,14,contacto456@construfurgo.com
457,Contacto 457,18,contacto457@construfurgo.com
458,Contacto 458,13,contacto458@construfurgo.com
459,Contacto 459,18,contacto459@construfurgo.com
460,Contacto 460,6,contacto460@construfurgo.com
461,Contacto 461,10,contacto461@construfurgo.com
462,Contacto 462,20,contacto462@construfurgo.com
463,Contacto 463,7,contacto463@construfurgo.com
464,Contacto 464,17,contacto464@construfurgo.com
465,Contacto 465,23,contacto465@construfurgo.com
466,Contacto 466,21,contacto466@construfurgo.com
467,Contacto 467,9,contacto467@construfurgo.com
468,Contacto 468,3,contacto468@construfurgo.com
469,Contacto 469,14,contacto469@construfurgo.com
470,Contacto 470,5,contacto470@construfurgo.com
471,Contacto 471,2,contacto471@construfurgo.com
472,Contacto 472,19,contacto472@construfurgo.com
473,Contacto 473,12,contacto473@construfurgo.com
474,Contacto 474,8,contacto474@construfurgo.com
475,Contacto 475,9,contacto475@construfurgo.com
476,Contacto 476,22,contacto476@construfurgo.com
477,Contacto 477,10,contacto477@construfurgo.com
478,Contacto 478,19,contacto478@construfurgo.com
479,Contacto 479,13,contacto479@construfurgo.com
480,Contacto 480,11,contacto480@construfurgo.com
481,Contacto 481,14,contacto481@construfurgo.com
482,Contacto 482,13,contacto482@construfurgo.com
483,Contacto 483,22,contacto483@construfurgo.com
484,Contacto 484,11,contacto484@construfurgo.com
485,Contacto 485,23,contacto485@construfurgo.com
486,Contacto 486,23,contacto486@construfurgo.com
487,Contacto 487,23,contacto487@construfurgo.com
488,Contacto 488,4,contacto488@construfurgo.com
489,Contacto 489,19,contacto489@construfurgo.com
490,Contacto 490,2,contacto490@construfurgo.com
491,Contacto 491,17,contacto491@construfurgo.com
492,Contacto 492,18,contacto492@construfurgo.com
493,Contacto 493,11,contacto493@construfurgo.com
494,Contacto 494,25,contacto494@construfurgo.com
495,Contacto 495,6,contacto495@construfurgo.com
496,Contacto 496,16,contacto496@construfurgo.com
497,Contacto 497,12,contacto497@construfurgo.com
498,Contacto 498,16,contacto498@construfurgo.com
499,Contacto 499,15,contacto499@construfurgo.com
500,Contacto 500,19,contacto500@construfurgo.com
501,Contacto 501,4,contacto501@construfurgo.com
502,Contacto 502,18,contacto502@construfurgo.com
503,Contacto 503,14,contacto503@construfurgo.com
504,Contacto 504,22,contacto504@construfurgo.com
505,Contacto 505,2,contacto505@construfurgo.com
506,Contacto 506,10,contacto506@construfurgo.com
507,Contacto 507,10,contacto507@construfurgo.com
508,Contacto 508,2,contacto508@construfurgo.com
509,Contacto 509,5,contacto509@construfurgo.com
510,Contacto 510,13,contacto510@construfurgo.com
511,Contacto 511,2,contacto511@construfurgo.com
512,Contacto 512,11,contacto512@construfurgo.com
513,Contacto 513,22,contacto513@construfurgo.com
514,Contacto 514,8,contacto514@construfurgo.com
515,Contacto 515,1,contacto515@construfurgo.com
516,Contacto 516,5,contacto516@construfurgo.com
517,Contacto 517,6,contacto517@construfurgo.com
518,Contacto 518,15,contacto518@construfurgo.com
519,Contacto 519,17,contacto519@construfurgo.com
520,Contacto 520,7,contacto520@construfurgo.com
521,Contacto 521,3,contacto521@construfurgo.com
522,Contacto 522,16,contacto522@construfurgo.com
523,Contacto 523,2,contacto523@construfurgo.com
524,Contacto 524,12,contacto524@construfurgo.com
525,Contacto 525,13,contacto525@construfurgo.com
526,Contacto 526,13,contacto526@construfurgo.com
527,Contacto 527,23,contacto527@construfurgo.com
528,Contacto 528,5,contacto528@construfurgo.com
529,Contacto 529,7,contacto529@construfurgo.com
530,Contacto 530,5,contacto530@construfurgo.com
531,Contacto 531,16,contacto531@construfurgo.com
532,Contacto 532,24,contacto532@construfurgo.com
533,Contacto 533,4,contacto533@construfurgo.com
534,Contacto 534,25,contacto534@construfurgo.com
535,Contacto 535,18,contacto535@construfurgo.com
536,Contacto 536,3,contacto536@construfurgo.com
537,Contacto 537,8,contacto537@construfurgo.com
538,Contacto 538,18,contacto538@construfurgo.com
539,Contacto 539,15,contacto539@construfurgo.com
540,Contacto 540,23,contacto540@construfurgo.com
541,Contacto 541,14,contacto541@construfurgo.com
542,Contacto 542,19,contacto542@construfurgo.com
543,Contacto 543,10,contacto543@construfurgo.com
544,Contacto 544,24,contacto544@construfurgo.com
545,Contacto 545,19,contacto545@construfurgo.com
546,Contacto 546,5,contacto546@construfurgo.com
547,Contacto 547,20,contacto547@construfurgo.com
548,Contacto 548,25,contacto548@construfurgo.com
549,Contacto 549,2,contacto549@construfurgo.com
550,Contacto 550,3,contacto550@construfurgo.com
551,Contacto 551,3,contacto551@construfurgo.com
552,Contacto 552,24,contacto552@construfurgo.com
553,Contacto 553,7,contacto553@construfurgo.com
554,Contacto 554,2,contacto554@construfurgo.com
555,Contacto 555,3,contacto555@construfurgo.com
556,Contacto 556,19,contacto556@construfurgo.com
557,Contacto 557,7,contacto557@construfurgo.com
558,Contacto 558,20,contacto558@construfurgo.com
559,Contacto 559,21,contacto559@construfurgo.com
560,Contacto 560,17,contacto560@construfurgo.com
561,Contacto 561,13,contacto561@construfurgo.com
562,Contacto 562,24,contacto562@construfurgo.com
563,Contacto 563,17,contacto563@construfurgo.com
564,Contacto 564,23,contacto564@construfurgo.com
565,Contacto 565,9,contacto565@construfurgo.com
566,Contacto 566,22,contacto566@construfurgo.com
567,Contacto 567,15,contacto567@construfurgo.com
568,Contacto 568,8,contacto568@construfurgo.com
569,Contacto 569,12,contacto569@construfurgo.com
570,Contacto 570,18,contacto570@construfurgo.com
571,Contacto 571,11,contacto571@construfurgo.com
572,Contacto 572,5,contacto572@construfurgo.com
573,Contacto 573,7,contacto573@construfurgo.com
574,Contacto 574,2,contacto574@construfurgo.com
575,Contacto 575,5,contacto575@construfurgo.com
576,Contacto 576,18,contacto576@construfurgo.com
577,Contacto 577,12,contacto577@construfurgo.com
578,Contacto 578,20,contacto578@construfurgo.com
579,Contacto 579,7,contacto579@construfurgo.com
580,Contacto 580,11,contacto580@construfurgo.com
581,Contacto 581,3,contacto581@construfurgo.com
582,Contacto 582,1,contacto582@construfurgo.com
583,Contacto 583,14,contacto583@construfurgo.com
584,Contacto 584,10,contacto584@construfurgo.com
585,Contacto 585,17,contacto585@construfurgo.com
586,Contacto 586,25,contacto586@construfurgo.com
587,Contacto 587,18,contacto587@construfurgo.com
588,Contacto 588,9,contacto588@construfurgo.com
589,Contacto 589,11,contacto589@construfurgo.com
590,Contacto 590,22,contacto590@construfurgo.com
591,Contacto 591,13,contacto591@construfurgo.com
592,Contacto 592,1,contacto592@construfurgo.com
593,Contacto 593,12,contacto593@construfurgo.com
594,Contacto 594,23,contacto594@construfurgo.com
595,Contacto 595,21,contacto595@construfurgo.com
596,Contacto 596,8,contacto596@construfurgo.com
597,Contacto 597,8,contacto597@construfurgo.com
598,Contacto 598,7,contacto598@construfurgo.com
599,Contacto 599,3,contacto599@construfurgo.com
600,Contacto 600,17,contacto600@construfurgo.com
601,Contacto 601,14,contacto601@construfurgo.com
602,Contacto 602,4,contacto602@construfurgo.com
603,Contacto 603,22,contacto603@construfurgo.com
604,Contacto 604,11,contacto604@construfurgo.com
605,Contacto 605,3,contacto605@construfurgo.com
606,Contacto 606,7,contacto606@construfurgo.com
607,Contacto 607,10,contacto607@construfurgo.com
608,Contacto 608,18,contacto608@construfurgo.com
609,Contacto 609,16,contacto609@construfurgo.com
610,Contacto 610,24,contacto610@construfurgo.com
611,Contacto 611,6,contacto611@construfurgo.com
612,Contacto 612,20,contacto612@construfurgo.com
613,Contacto 613,10,contacto613@construfurgo.com
614,Contacto 614,19,contacto614@construfurgo.com
615,Contacto 615,15,contacto615@construfurgo.com
616,Contacto 616,24,contacto616@construfurgo.com
617,Contacto 617,8,contacto617@construfurgo.com
618,Contacto 618,11,contacto618@construfurgo.com
619,Contacto 619,17,contacto619@construfurgo.com
620,Contacto 620,11,contacto620@construfurgo.com
621,Contacto 621,3,contacto621@construfurgo.com
622,Contacto 622,11,contacto622@construfurgo.com
623,Contacto 623,22,contacto623@construfurgo.com
624,Contacto 624,16,contacto624@construfurgo.com
625,Contacto 625,2,contacto625@construfurgo.com
626,Contacto 626,23,contacto626@construfurgo.com
627,Contacto 627,17,contacto627@construfurgo.com
628,Contacto 628,3,contacto628@construfurgo.com
629,Contacto 629,22,contacto629@construfurgo.com
630,Contacto 630,16,contacto630@construfurgo.com
631,Contacto 631,11,contacto631@construfurgo.com
632,Contacto 632,25,contacto632@construfurgo.com
633,Contacto 633,12,contacto633@construfurgo.com
634,Contacto 634,20,contacto634@construfurgo.com
635,Contacto 635,14,contacto635@construfurgo.com
636,Contacto 636,4,contacto636@construfurgo.com
637,Contacto 637,17,contacto637@construfurgo.com
638,Contacto 638,10,contacto638@construfurgo.com
639,Contacto 639,1,contacto639@construfurgo.com
640,Contacto 640,24,contacto640@construfurgo.com
641,Contacto 641,12,contacto641@construfurgo.com
642,Contacto 642,7,contacto642@construfurgo.com
643,Contacto 643,24,contacto643@construfurgo.com
644,Contacto 644,19,contacto644@construfurgo.com
645,Contacto 645,8,contacto645@construfurgo.com
646,Contacto 646,7,contacto646@construfurgo.com
647,Contacto 647,6,contacto647@construfurgo.com
648,Contacto 648,5,contacto648@construfurgo.com
649,Contacto 649,16,contacto649@construfurgo.com
650,Contacto 650,3,contacto650@construfurgo.com
651,Contacto 651,14,contacto651@construfurgo.com
652,Contacto 652,14,contacto652@construfurgo.com
653,Contacto 653,12,contacto653@construfurgo.com
654,Contacto 654,11,contacto654@construfurgo.com
655,Contacto 655,7,contacto655@construfurgo.com
656,Contacto 656,22,contacto656@construfurgo.com
657,Contacto 657,23,contacto657@construfurgo.com
658,Contacto 658,25,contacto658@construfurgo.com
659,Contacto 659,19,contacto659@construfurgo.com
660,Contacto 660,12,contacto660@construfurgo.com
661,Contacto 661,20,contacto661@construfurgo.com
662,Contacto 662,12,contacto662@construfurgo.com
663,Contacto 663,9,contacto663@construfurgo.com
664,Contacto 664,1,contacto664@construfurgo.com
665,Contacto 665,15,contacto665@construfurgo.com
666,Contacto 666,10,contacto666@construfurgo.com
667,Contacto 667,17,contacto667@construfurgo.com
668,Contacto 668,12,contacto668@construfurgo.com
669,Contacto 669,6,contacto669@construfurgo.com
670,Contacto 670,13,contacto670@construfurgo.com
671,Contacto 671,14,contacto671@construfurgo.com
672,Contacto 672,9,contacto672@construfurgo.com
673,Contacto 673,10,contacto673@construfurgo.com
674,Contacto 674,21,contacto674@construfurgo.com
675,Contacto 675,21,contacto675@construfurgo.com
676,Contacto 676,24,contacto676@construfurgo.com
677,Contacto 677,12,contacto677@construfurgo.com
678,Contacto 678,19,contacto678@construfurgo.com
679,Contacto 679,23,contacto679@construfurgo.com
680,Contacto 680,11,contacto680@construfurgo.com
681,Contacto 681,21,contacto681@construfurgo.com
682,Contacto 682,17,contacto682@construfurgo.com
683,Contacto 683,12,contacto683@construfurgo.com
684,Contacto 684,20,contacto684@construfurgo.com
685,Contacto 685,20,contacto685@construfurgo.com
686,Contacto 686,11,contacto686@construfurgo.com
687,Contacto 687,2,contacto687@construfurgo.com
688,Contacto 688,6,contacto688@construfurgo.com
689,Contacto 689,10,contacto689@construfurgo.com
690,Contacto 690,5,contacto690@construfurgo.com
691,Contacto 691,2,contacto691@construfurgo.com
692,Contacto 692,19,contacto692@construfurgo.com
693,Contacto 693,15,contacto693@construfurgo.com
694,Contacto 694,17,contacto694@construfurgo.com
695,Contacto 695,22,contacto695@construfurgo.com
696,Contacto 696,25,contacto696@construfurgo.com
697,Contacto 697,8,contacto697@construfurgo.com
698,Contacto 698,24,contacto698@construfurgo.com
699,Contacto 699,1,contacto699@construfurgo.com
700,Contacto 700,1,contacto700@construfurgo.com
701,Contacto 701,16,contacto701@construfurgo.com
702,Contacto 702,16,contacto702@construfurgo.com
703,Contacto 703,9,contacto703@construfurgo.com
704,Contacto 704,10,contacto704@construfurgo.com
705,Contacto 705,21,contacto705@construfurgo.com
706,Contacto 706,25,contacto706@construfurgo.com
707,Contacto 707,5,contacto707@construfurgo.com
708,Contacto 708,10,contacto708@construfurgo.com
709,Contacto 709,14,contacto709@construfurgo.com
710,Contacto 710,22,contacto710@construfurgo.com
711,Contacto 711,14,contacto711@construfurgo.com
712,Contacto 712,5,contacto712@construfurgo.com
713,Contacto 713,16,contacto713@construfurgo.com
714,Contacto 714,4,contacto714@construfurgo.com
715,Contacto 715,20,contacto715@construfurgo.com
716,Contacto 716,19,contacto716@construfurgo.com
717,Contacto 717,15,contacto717@construfurgo.com
718,Contacto 718,7,contacto718@construfurgo.com
719,Contacto 719,23,contacto719@construfurgo.com
720,Contacto 720,10,contacto720@construfurgo.com
721,Contacto 721,21,contacto721@construfurgo.com
722,Contacto 722,10,contacto722@construfurgo.com
723,Contacto 723,12,contacto723@construfurgo.com
724,Contacto 724,21,contacto724@construfurgo.com
725,Contacto 725,22,contacto725@construfurgo.com
726,Contacto 726,11,contacto726@construfurgo.com
727,Contacto 727,21,contacto727@construfurgo.com
728,Contacto 728,13,contacto728@construfurgo.com
729,Contacto 729,3,contacto729@construfurgo.com
730,Contacto 730,21,contacto730@construfurgo.com
731,Contacto 731,17,contacto731@construfurgo.com
732,Contacto 732,16,contacto732@construfurgo.com
733,Contacto 733,9,contacto733@construfurgo.com
734,Contacto 734,9,contacto734@construfurgo.com
735,Contacto 735,5,contacto735@construfurgo.com
736,Contacto 736,15,contacto736@construfurgo.com
737,Contacto 737,7,contacto737@construfurgo.com
738,Contacto 738,23,contacto738@construfurgo.com
739,Contacto 739,7,contacto739@construfurgo.com
740,Contacto 740,7,contacto740@construfurgo.com
741,Contacto 741,2,contacto741@construfurgo.com
742,Contacto 742,17,contacto742@construfurgo.com
743,Contacto 743,9,contacto743@construfurgo.com
744,Contacto 744,15,contacto744@construfurgo.com
745,Contacto 745,4,contacto745@construfurgo.com
746,Contacto 746,20,contacto746@construfurgo.com
747,Contacto 747,11,contacto747@construfurgo.com
748,Contacto 748,24,contacto748@construfurgo.com
749,Contacto 749,25,contacto749@construfurgo.com
750,Contacto 750,5,contacto750@construfurgo.com
751,Contacto 751,10,contacto751@construfurgo.com
752,Contacto 752,3,contacto752@construfurgo.com
753,Contacto 753,1,contacto753@construfurgo.com
754,Contacto 754,7,contacto754@construfurgo.com
755,Contacto 755,18,contacto755@construfurgo.com
756,Contacto 756,24,contacto756@construfurgo.com
757,Contacto 757,22,contacto757@construfurgo.com
758,Contacto 758,18,contacto758@construfurgo.com
759,Contacto 759,15,contacto759@construfurgo.com
760,Contacto 760,24,contacto760@construfurgo.com
761,Contacto 761,21,contacto761@construfurgo.com
762,Contacto 762,5,contacto762@construfurgo.com
763,Contacto 763,6,contacto763@construfurgo.com
764,Contacto 764,18,contacto764@construfurgo.com
765,Contacto 765,10,contacto765@construfurgo.com
766,Contacto 766,17,contacto766@construfurgo.com
767,Contacto 767,20,contacto767@construfurgo.com
768,Contacto 768,16,contacto768@construfurgo.com
769,Contacto 769,11,contacto769@construfurgo.com
770,Contacto 770,16,contacto770@construfurgo.com
771,Contacto 771,12,contacto771@construfurgo.com
772,Contacto 772,19,contacto772@construfurgo.com
773,Contacto 773,14,contacto773@construfurgo.com
774,Contacto 774,16,contacto774@construfurgo.com
775,Contacto 775,16,contacto775@construfurgo.com
776,Contacto 776,23,contacto776@construfurgo.com
777,Contacto 777,8,contacto777@construfurgo.com
778,Contacto 778,9,contacto778@construfurgo.com
779,Contacto 779,24,contacto779@construfurgo.com
780,Contacto 780,20,contacto780@construfurgo.com
781,Contacto 781,7,contacto781@construfurgo.com
782,Contacto 782,22,contacto782@construfurgo.com
783,Contacto 783,15,contacto783@construfurgo.com
784,Contacto 784,9,contacto784@construfurgo.com
785,Contacto 785,11,contacto785@construfurgo.com
786,Contacto 786,16,contacto786@construfurgo.com
787,Contacto 787,2,contacto787@construfurgo.com
788,Contacto 788,22,contacto788@construfurgo.com
789,Contacto 789,14,contacto789@construfurgo.com
790,Contacto 790,21,contacto790@construfurgo.com
791,Contacto 791,2,contacto791@construfurgo.com
792,Contacto 792,14,contacto792@construfurgo.com
793,Contacto 793,12,contacto793@construfurgo.com
794,Contacto 794,21,contacto794@construfurgo.com
795,Contacto 795,5,contacto795@construfurgo.com
796,Contacto 796,14,contacto796@construfurgo.com
797,Contacto 797,12,contacto797@construfurgo.com
798,Contacto 798,4,contacto798@construfurgo.com
799,Contacto 799,13,contacto799@construfurgo.com
800,Contacto 800,18,contacto800@construfurgo.com
